col1,frequency,frequency_error,id,source_id,asassn_name,other_names,raj2000,dej2000,l,b,mean_vmag,amplitude,period,variable_type,class_probability,lksl_statistic,rfr_score,epoch_hjd,gdr2_id,phot_g_mean_mag,e_phot_g_mean_mag,phot_bp_mean_mag,e_phot_bp_mean_mag,phot_rp_mean_mag,e_phot_rp_mean_mag,bp_rp,parallax,parallax_error,parallax_over_error,pmra,pmra_error,pmdec,pmdec_error,vt,dist,allwise_id,j_mag,e_j_mag,h_mag,e_h_mag,k_mag,e_k_mag,w1_mag,e_w1_mag,w2_mag,e_w2_mag,w3_mag,e_w3_mag,w4_mag,e_w4_mag,j_k,w1_w2,w3_w4,apass_dr9_id,apass_vmag,e_apass_vmag,apass_bmag,e_apass_bmag,apass_gpmag,e_apass_gpmag,apass_rpmag,e_apass_rpmag,apass_ipmag,e_apass_ipmag,b_v,e_b_v,vector_x,vector_y,vector_z,reference,periodic,classified,asassn_discovery,created_at,updated_at,edr3_source_id,galex_id,fuvmag,e_fuvmag,nuvmag,e_nuvmag,tic_id,pm,ruwe,solution_id_gedr3,designation_gedr3,source_id_gedr3,random_index_gedr3,ref_epoch_gedr3,ra_gedr3,ra_error_gedr3,dec_gedr3,dec_error_gedr3,parallax_gedr3,parallax_error_gedr3,parallax_over_error_gedr3,pm_gedr3,pmra_gedr3,pmra_error_gedr3,pmdec_gedr3,pmdec_error_gedr3,ra_dec_corr_gedr3,ra_parallax_corr_gedr3,ra_pmra_corr_gedr3,ra_pmdec_corr_gedr3,dec_parallax_corr_gedr3,dec_pmra_corr_gedr3,dec_pmdec_corr_gedr3,parallax_pmra_corr_gedr3,parallax_pmdec_corr_gedr3,pmra_pmdec_corr_gedr3,astrometric_n_obs_al_gedr3,astrometric_n_obs_ac_gedr3,astrometric_n_good_obs_al_gedr3,astrometric_n_bad_obs_al_gedr3,astrometric_gof_al_gedr3,astrometric_chi2_al_gedr3,astrometric_excess_noise_gedr3,astrometric_excess_noise_sig_gedr3,astrometric_params_solved_gedr3,astrometric_primary_flag_gedr3,nu_eff_used_in_astrometry_gedr3,pseudocolour_gedr3,pseudocolour_error_gedr3,ra_pseudocolour_corr_gedr3,dec_pseudocolour_corr_gedr3,parallax_pseudocolour_corr_gedr3,pmra_pseudocolour_corr_gedr3,pmdec_pseudocolour_corr_gedr3,astrometric_matched_transits_gedr3,visibility_periods_used_gedr3,astrometric_sigma5d_max_gedr3,matched_transits_gedr3,new_matched_transits_gedr3,matched_transits_removed_gedr3,ipd_gof_harmonic_amplitude_gedr3,ipd_gof_harmonic_phase_gedr3,ipd_frac_multi_peak_gedr3,ipd_frac_odd_win_gedr3,ruwe_gedr3,scan_direction_strength__gedr3,scan_direction_strength_k2_gedr3,scan_direction_strength_k3_gedr3,scan_direction_strength_k4_gedr3,scan_direction_mean__gedr3,scan_direction_mean_k2_gedr3,scan_direction_mean_k3_gedr3,scan_direction_mean_k4_gedr3,duplicated_source_gedr3,phot_g_n_obs_gedr3,phot_g_mean_flux_gedr3,phot_g_mean_flux_error_gedr3,phot_g_mean_flux_over_error_gedr3,phot_g_mean_mag_gedr3,phot_bp_n_obs_gedr3,phot_bp_mean_flux_gedr3,phot_bp_mean_flux_error_gedr3,phot_bp_mean_flux_over_error_gedr3,phot_bp_mean_mag_gedr3,phot_rp_n_obs_gedr3,phot_rp_mean_flux_gedr3,phot_rp_mean_flux_error_gedr3,phot_rp_mean_flux_over_error_gedr3,phot_rp_mean_mag_gedr3,phot_bp_n_contaminated_transits_gedr3,phot_bp_n_blended_transits_gedr3,phot_rp_n_contaminated_transits_gedr3,phot_rp_n_blended_transits_gedr3,phot_proc_mode_gedr3,phot_bp_rp_excess_factor_gedr3,bp_rp_gedr3,bp_g_gedr3,g_rp_gedr3,dr2_radial_velocity_gedr3,dr2_radial_velocity_error_gedr3,dr2_rv_nb_transits_gedr3,dr2_rv_template_teff_gedr3,dr2_rv_template_logg_gedr3,dr2_rv_template_fe_h_gedr3,l_gedr3,b_gedr3,ecl_lon_gedr3,ecl_lat_gedr3,2MASS,RAJ2000_2mass,DEJ2000_2mass,errHalfMaj,errHalfMin,errPosAng,Jmag,Hmag,Kmag,e_Jmag,e_Hmag,e_Kmag,Qfl,Rfl,X,MeasureJD,angDist
0,0.002923810557639,2.67835096647E-4,f319db01-0e34-5eaa-8f8c-fe47f60a2a4a,109353,ASASSN-V J214504.57+124154.9,TU Peg,326.26904,12.69858,68.20765,-29.76293,11.8,4.37,324.7701717,M,1.0,0.09,0.96,2458009.93525,1.76720628583456998E18,7.973047,0.04705,11.795123,0.261526,6.322299,0.124413,5.472824,1.5796,0.0689,22.937,-7.151,0.074,-11.546,0.065,103.778563251541,620.30658,J214504.57+124154.6,2.684,0.234,1.766,0.16,1.277,0.18,-1.218,,-0.58,,-0.068,0.272,-0.646,0.007,1.407,-0.638,0.578,9683229.0,12.407,0.551,13.124,1.739,12.79,1.677,10.911,0.536,9.034,0.86,0.717,0.116,0.811311920419447,-0.541711403102429,0.219822026953864,The ASAS-SN Catalog of Variable Stars: II,true,true,false,2019-04-16 09:55:18 UTC,2021-08-05 16:58:19 UTC,1.76720628583456998E18,GALEX J214504.5+124155,,,20.9418,0.1531,TIC 301931358,13.582,1.127,1.63604251580511002E18,Gaia EDR3 1767206285834574464,1.76720628583456998E18,110256725,2016,326.269131618027,0.05840844,12.6985547934351,0.051413216,1.57955668667214,0.06886505,22.936985,13.581666,-7.15127081407946,0.07398617,-11.5464701443024,0.06507571,0.060312446,0.2188102,0.12828618,-0.21635844,-0.13423559,-0.23477563,-0.5327545,-0.10889495,0.100464635,0.08942067,295,295,295,0,3.01848,7420.9688,0.5470653,236.8126,31,false,1.1178983,,,,,,,,33,16,0.10589371,34,17,4,0.13299091,62.184814,6,0,1.1267221,,,,,,,,,false,293,1.21822599028898E7,527006.7,23.11595,7.9730473,31,261437.309973582,62970.066,4.151771,11.795123,32,2.34551753735205E7,2686445.8,8.730932,6.322299,0,31,0,0,0,1.9468155,5.472824,3.8220758,1.6507483,,,0,,,,68.2076876430559,-29.7630109543641,333.214319611384,24.6555506743077,21450460+1241550,326.269187,12.698635,0.29,0.29,0.0,2.684,1.766,1.277,0.234,0.16,0.18,DCC,333,0,2451081.7652,0.552923
2,0.006572780553625,3.10041888516E-4,137799dc-93bf-56b4-9290-b70800c2445d,180029,ASASSN-V J181636.93+034135.6,RY Oph,274.15387,3.69321,32.26134,9.42744,10.34,4.08,151.5739398,M,1.0,0.16,0.92,2457926.99255,4.4703901199128003E18,8.889274,0.014103,12.647818,0.093905,7.313901,0.023027,5.333917,1.3235,0.0555,23.8541,1.508,0.055,17.96,0.052,115.83074168891,737.541321,J181636.94+034135.4,4.198,0.28,3.189,0.22,2.703,0.274,1.192,,0.624,,1.555,0.031,1.025,0.021,1.495,0.568,0.53,3.4413523E7,10.916,1.001,12.084,1.006,11.312,1.032,11.159,0.0,,,1.167,0.343,0.072284786070149,-0.99530183374547,0.064414046959485,The ASAS-SN Catalog of Variable Stars: II,true,true,false,2019-04-16 09:57:04 UTC,2021-08-05 18:15:33 UTC,4.4703901199128003E18,,,,,,TIC 19672276,18.023,0.829,1.63604251580511002E18,Gaia EDR3 4470390119912801920,4.4703901199128003E18,668543264,2016,274.15390773375,0.043257933,3.69323049020201,0.04070054,1.32354112393148,0.055484798,23.854122,18.022839,1.50787735514514,0.054517113,17.9596499426848,0.051787384,-0.08208791,0.19868363,-0.24752533,-0.25151867,-0.26772103,-0.35859746,-0.5283275,0.021603301,0.18670383,0.24292299,418,418,418,0,-5.045361,8768.543,0.46270683,228.48701,31,false,1.1254137,,,,,,,,48,17,0.086887754,49,32,1,0.4149651,113.335464,1,0,0.82893234,,,,,,,,,true,289,5238865.9414901,66740.22,78.49638,8.889274,29,119203.716233555,10305.349,11.56717,12.647818,29,9410178.59159764,196866.6,47.799774,7.313901,0,29,0,0,0,1.8189781,5.3339167,3.758544,1.5753727,,,0,,,,32.2613724668652,9.42741831065198,274.656131419947,27.065397346994,18163694+0341352,274.153929,3.693134,0.29,0.29,0.0,4.198,3.189,2.703,0.28,0.22,0.274,DDD,333,0,2451379.6655,0.346098
3,0.003882195,1.004272515E-4,b818a690-4388-5fbf-9bef-8342d4fe39d6,410105,ASASSN-V J090341.78-423021.1,HN Vel,135.92408,-42.50586,264.71858,2.85846,12.8999996185303,4.03999996185303,254.6914179,M,1.0,0.019999999552965,0.990000009536743,2457847.72489,5.4280588721868001E18,9.219885,0.033645,13.536338,0.213289,7.683164,0.113444,5.853174,1.63189995288849,0.059599999338388,27.381799697876,2.9779999256134,0.057000000029802,5.56699991226196,0.061000000685453,49.613771609599,603.176758,J090341.81-423020.8,4.10500001907349,0.298000007867813,2.95199990272522,0.236000001430511,2.31699991226196,0.273999989032745,-0.686999976634979,,-0.414000004529953,,0.250999987125397,0.11599999666214,-0.259999990463257,0.01799999922514,1.78799998760223,-0.273000001907349,0.510999977588654,4.2314881E7,11.9420003890991,1.00199997425079,13.4409999847412,0.990000009536743,12.1599998474121,0.006000000052154,,,,,1.49800002574921,1.48300004005432,-0.529624189443989,0.512810102588337,-0.675665610075825,The ASAS-SN Catalog of Variable Stars: II,true,true,false,2019-04-16 09:55:18 UTC,2021-08-05 17:03:11 UTC,5.4280588721868001E18,,,,,,TIC 447955042,6.31300020217896,0.824000000953674,1.63604251580511002E18,Gaia EDR3 5428058872186803456,5.4280588721868001E18,1719907567,2016,135.924045744338,0.044107337,-42.5057983900769,0.049536705,1.63192587401462,0.05959898,27.381777,6.3134136,2.97824893095428,0.057396505,5.56679647527974,0.060835883,0.08516787,0.06739325,-0.23885563,-0.06379179,0.014465517,-0.05085691,-0.16847076,0.10081159,-0.106304586,0.13321869,387,387,387,0,-4.983767,9812.857,0.61045325,316.43704,31,false,1.1082168,,,,,,,,44,26,0.0884422,49,18,2,0.23023279,140.69101,3,0,0.82440746,,,,,,,,,false,414,3863604.09788518,119323.625,32.379204,9.219885,44,52587.396497184,10329.716,5.090885,13.536338,43,6697191.13597678,699374.56,9.575972,7.6831636,0,10,0,0,0,1.7470161,5.853174,4.316453,1.5367212,,,0,,,,264.718511358696,2.85848289763049,159.148462903947,-55.4765931896181,09034177-4230208,135.924082,-42.505795,0.29,0.29,90.0,4.105,2.952,2.317,0.298,0.236,0.274,DDD,333,0,2451634.5787,0.23406
4,0.004601691681915,2.98620604398E-4,7e3f2c01-6eae-50f0-a8f4-31dc0cd17d10,55774,ASASSN-V J143711.59+264412.0,R Boo,219.29829,26.73668,38.07049,66.46915,9.22999954223633,4.32999992370606,225.379986,M,0.998000025749206,0.159999996423721,0.9200000166893,2456519.73875,1.2795546682552E18,7.789186,0.037869,11.3093,0.167575,6.159163,0.0926,5.150137,1.52040004730225,0.058600001037121,25.9370002746582,-25.5370006561279,0.050999999046326,11.9680004119873,0.059999998658895,209.577681417223,637.849609,J143711.59+264411.8,2.86400008201599,0.266000002622604,1.99600005149841,0.186000004410744,1.66100001335144,0.228000000119209,0.356000006198883,,0.172999992966652,,0.703999996185303,0.035999998450279,0.079000003635883,0.004999999888241,1.20299994945526,0.18299999833107,0.625,8019578.0,10.8990001678467,0.137999996542931,12.5609998703003,0.149000003933906,12.0600004196167,0.0,,,,,1.66199994087219,0.020999999716878,-0.691120849156445,-0.565641416448821,0.449890831045761,The ASAS-SN Catalog of Variable Stars: II,true,true,false,2019-04-16 09:57:04 UTC,2021-08-05 16:47:52 UTC,1.2795546682552E18,,,,,,TIC 157981215,28.2029991149902,1.04900002479553,1.63604251580511002E18,Gaia EDR3 1279554668255201152,1.2795546682552E18,889441424,2016,219.298106905132,0.039745573,26.736624363246,0.047501225,1.52043511362887,0.058620337,25.93699,28.202543,-25.5370772704793,0.05095401,11.9683384866305,0.060254373,0.05441341,-0.21467479,-0.16813897,-0.089093275,-0.15477107,-0.044911325,-0.31887385,-0.17282286,0.088034876,0.013508933,320,320,314,6,1.2436736,5331.7734,0.48706028,184.59402,31,false,1.1363657,,,,,,,,36,20,0.08544492,38,19,5,0.20014043,60.957157,4,0,1.0493463,,,,,,,,,false,332,1.44301983901107E7,501971.66,28.747038,7.789186,27,408974.822890736,63113.215,6.480019,11.3093,37,2.72579328957447E7,2322820.8,11.734841,6.159163,0,5,0,0,0,1.9172922,5.1501374,3.5201144,1.630023,,,0,,,,38.0702993469631,66.4693119322309,206.195582572047,39.6253214406223,14371158+2644116,219.298269,26.736557,0.31,0.29,0.0,2.864,1.996,1.661,0.266,0.186,0.228,DCD,333,0,2451266.9189,0.447918
7,0.003674407992653,2.08534815818E-4,b171eba4-f6b7-50f3-872d-83085ec13bc9,79224,ASASSN-V J200127.47+500231.8,Z Cyg,300.36444,50.04216,84.44202,10.22984,10.87,3.93,288.0622452,M,1.0,0.48,0.76,2457243.86562,2.08782778920957005E18,8.168296,0.034058,11.834373,0.156674,6.620668,0.084528,5.213705,1.1616,0.0495,23.4541,13.56,0.064,-9.028,0.059,92.6338881380789,833.568359,J200127.51+500232.6,4.176,0.268,3.258,0.228,2.557,0.306,0.67,,-0.082,,-0.024,0.057,-1.34,0.005,1.619,0.752,1.316,1.4352278E7,11.036,1.274,13.925,0.16,12.305,1.354,9.892,1.211,6.23,0.0,2.889,0.115,0.324643053797208,-0.554128361646832,0.766517218619269,The ASAS-SN Catalog of Variable Stars: II,true,true,false,2019-04-16 09:55:17 UTC,2021-08-05 16:51:51 UTC,2.08782778920957005E18,,,,,,TIC 351295966,16.291,1.166,1.63604251580511002E18,Gaia EDR3 2087827789209566720,2.08782778920957005E18,782376593,2016,300.364708719735,0.04890043,50.0423584701959,0.04841694,1.16160069338285,0.049526576,23.454088,16.29056,13.5602845248091,0.06418757,-9.0277905516587,0.059045736,-0.2334544,-0.20721638,-0.38346764,0.19115858,0.14366812,0.16499735,-0.28894073,-0.04154297,-0.16719173,-0.1709201,300,300,300,0,3.9538922,5310.82,0.5198109,194.6198,31,false,1.1444985,,,,,,,,34,22,0.09686528,37,17,6,0.19234467,120.70483,2,0,1.1659291,,,,,,,,,false,320,1.01772022890517E7,318200.66,31.983599,8.168296,28,252154.94570903,36380.7,6.931009,11.834373,37,1.78193070129357E7,1385904.1,12.8575325,6.6206684,0,0,0,0,0,1.7756808,5.213705,3.6660776,1.5476274,,,0,,,,84.4422776194727,10.2297958091402,327.919456483584,67.4710200819491,20012749+5002325,300.364573,50.042366,0.29,0.29,90.0,4.176,3.258,2.557,0.268,0.228,0.306,DDD,333,0,2451706.7832,0.802823
8,0.005175098989514,2.11947027896E-4,0893db23-bc75-47f0-a77f-c1043a98821c,14748050,ASASSN-V J194337.75+484641.5,RT Cyg,295.90731,48.77819,81.88433,12.15565,10.25,4.62,193.5157542,M,1.0,0.33,0.79,2457132.07483,2.13474560393567002E18,8.409807,0.048131,10.833418,0.246579,6.677016,0.120181,4.156402,0.9657,0.0417,23.1571,-10.9,0.058,12.805,0.048,79.8177203791034,998.623657,J194337.74+484641.3,4.68,0.278,3.814,0.224,3.131,0.27,2.336,,0.975,,1.976,0.013,1.507,0.019,1.549,1.361,0.469,1.474805E7,11.032,0.249,12.541,0.201,11.799,0.264,10.139,0.224,,,1.509,0.093,,,,The ASAS-SN Catalog of Variable Stars: IX,true,,false,2021-07-28 14:25:23 UTC,2021-08-05 16:36:30 UTC,2.13474560393567002E18,GALEX J194337.7+484642,,,19.5142,0.0769,TIC 27647239,16.816,1.152,1.63604251580511002E18,Gaia EDR3 2134745603935667200,2.13474560393567002E18,1107587389,2016,295.907286534453,0.038804434,48.7782051275852,0.0359384,0.965687483452317,0.041701626,23.15707,16.81625,-10.9000965700314,0.058295984,12.8052384717698,0.047631346,0.015810575,0.010809391,-0.096628025,0.045789428,0.20254765,0.065998934,-0.12821393,0.05177789,-0.23599572,-0.014360874,297,297,296,1,3.6024044,4036.5576,0.41768715,126.892624,31,false,1.1640167,,,,,,,,34,24,0.08076618,37,13,6,0.72742945,6.490089,0,0,1.1517804,,,,,,,,,false,307,8147491.13556645,360591.7,22.594784,8.409807,30,633942.557369237,143963.98,4.40348,10.833418,34,1.69181040349755E7,1871748.2,9.038664,6.6770163,0,0,0,0,0,2.1542885,4.1564016,2.4236107,1.732791,,,0,,,,81.8843272667575,12.1556732463052,319.645381389469,67.8013667414549,19433776+4846413,295.907346,48.778149,0.29,0.29,0.0,4.68,3.814,3.131,0.278,0.224,0.27,DDD,333,0,2450990.897,0.170527
11,0.004201719084876,1.36715924118E-4,a13e7dd8-9fe9-5806-96c3-5e4984f69983,259636,ASASSN-V J222900.88+401855.9,S Lac,337.25366,40.31553,95.58861,-14.87541,10.26,4.63,241.5471238,M,0.999,0.07,0.97,2457131.13356,1.90929672324996992E18,8.16615,0.015469,11.832723,0.084253,6.545105,0.042241,5.287618,1.2542,0.0523,23.9909,-7.629,0.034,-3.553,0.045,51.2517849220429,778.330444,J222900.90+401855.6,3.562,0.232,2.866,0.172,2.257,0.258,-0.576,,-0.349,,0.571,0.038,0.15,0.008,1.305,-0.227,0.421,1.1467019E7,10.04,0.662,11.639,0.634,10.971,0.53,9.78,1.425,7.372,0.856,1.599,0.15,0.70319061007778,-0.294819478683082,0.646996476719523,The ASAS-SN Catalog of Variable Stars: II,true,true,false,2019-04-16 09:57:04 UTC,2021-08-05 16:54:10 UTC,1.90929672324996992E18,,,,,,TIC 120524565,8.416,1.188,1.63604251580511002E18,Gaia EDR3 1909296723249974912,1.90929672324996992E18,619338950,2016,337.253740872961,0.028039705,40.3155000225077,0.034671452,1.25424961326993,0.05228032,23.990854,8.415754,-7.62912197932839,0.03378522,-3.55266323007293,0.044761777,-0.25327277,-0.02429976,-0.3558046,-0.15307958,0.15184964,-0.22982845,0.006008525,0.0033053623,-0.15375309,-0.48396075,874,874,870,4,7.6124372,17241.123,0.48596627,323.04315,31,false,1.1512876,,,,,,,,99,24,0.068287015,110,71,11,0.17496033,178.10443,2,0,1.1880869,,,,,,,,,false,869,1.0197331168961E7,142962.98,71.32847,8.16615,88,252538.535249733,19586.1,12.893764,11.832723,101,1.91036514398146E7,740259.7,25.806688,6.5451045,0,88,0,92,0,1.8981624,5.287618,3.6665726,1.6210456,,,0,,,,95.5886434706806,-14.875468085024,358.930257028612,45.306505065263,22290091+4018556,337.253827,40.315456,0.29,0.29,0.0,3.562,2.866,2.257,0.232,0.172,0.258,DCD,333,0,2451093.7754,0.530198
14,0.003022947494258,2.52399101751E-4,e01d6be3-179d-56ad-81e6-0e6da725c539,109201,ASASSN-V J214127.04+762311.4,AM Cep,325.36266,76.38651,112.44551,17.55636,13.33,3.66,327.9905762,M,1.0,0.03,0.99,2457972.82961,2.2834411512895401E18,9.357762,0.041491,14.099488,0.190176,7.755163,0.096838,6.344326,1.4977,0.0693,21.6262,9.403,0.093,9.71,0.096,97.7000538972937,655.772827,J214127.02+762311.4,3.323,0.226,2.174,0.206,1.397,0.22,-1.036,,-1.257,,-0.105,0.298,-0.956,0.007,1.926,0.221,0.851,1.612762E7,12.696,0.302,14.385,0.064,14.052,0.145,10.775,0.085,,,1.689,0.735,0.193655244733603,-0.133780156319262,0.971905610623975,The ASAS-SN Catalog of Variable Stars: II,true,true,false,2019-04-16 09:55:18 UTC,2021-08-05 16:48:02 UTC,2.2834411512895401E18,,,,,,TIC 467330596,13.517,0.904,1.63604251580511002E18,Gaia EDR3 2283441151289540864,2.2834411512895401E18,196936290,2016,325.362937725148,0.06779727,76.3865156744693,0.06671963,1.49774911645474,0.06925631,21.626173,13.5165,9.40319260064324,0.092680454,9.70957037400682,0.095894225,-0.15249477,0.16124283,0.059075657,-0.35844657,-0.020798778,-0.3219978,0.061223835,-0.25083336,-0.019881317,-0.22158374,285,285,280,5,-2.2573876,9595.747,0.71162033,340.9892,31,false,1.1012183,,,,,,,,32,23,0.14693691,39,11,1,0.05370619,57.45607,5,0,0.90413344,,,,,,,,,false,318,3402841.99738831,129752.05,26.225729,9.357762,34,31305.5589425599,5482.843,5.709731,14.099488,35,6267483.47557442,558577.94,11.2204275,7.7551627,0,0,0,0,0,1.8510377,6.3443255,4.741726,1.6025996,,,0,,,,112.445558998523,17.5563181625004,53.7239668224295,70.894991830433,21412708+7623113,325.362847,76.386482,0.29,0.29,90.0,3.323,2.174,1.397,0.226,0.206,0.22,DCD,333,0,2451857.635,0.187797
15,0.002771054760169,1.93911984982E-4,0d4e2c83-f54b-5508-b591-5ef3942e0d4d,95435,ASASSN-V J212004.86+775043.7,GH Cep,320.02026,77.84547,112.6831,19.42489,14.23,4.72,385.7186056,M,1.0,0.13,0.93,2457845.10626,2.28457632403001011E18,9.467009,0.045363,14.481284,0.213508,8.060799,0.134208,6.420486,1.1842,0.0547,21.6393,6.212,0.066,0.51,0.061,35.9014000152972,822.919067,J212004.63+775044.1,3.037,0.226,2.222,0.208,1.624,0.228,-0.712,,-0.864,,-0.307,0.288,-1.208,0.006,1.413,0.152,0.901,1.6132378E7,,,,,,,10.497,0.597,7.948,0.492,,0.318,0.16133777699386,-0.135281280392318,0.977583294093191,The ASAS-SN Catalog of Variable Stars: II,true,true,false,2019-04-16 09:55:20 UTC,2021-08-05 16:53:17 UTC,2.28457632832667008E18,,,,,,TIC 265307896,6.233,1.331,1.63604251580511002E18,Gaia EDR3 2284576328326671488,2.28457632832667008E18,429305926,2016,320.019463481084,0.051674232,77.8455318963907,0.052057073,1.18423771060221,0.054726146,21.639341,6.2329035,6.21201571863062,0.06602712,0.50985033532601,0.06055953,-0.0032027294,0.18945013,-0.19668134,-0.06081738,0.19056194,-0.09536823,-0.21463852,-0.18469596,-0.031507358,-0.021687787,358,358,349,9,8.27745,10626.61,0.6390161,367.89563,31,false,1.130951,,,,,,,,40,26,0.09265207,48,39,3,0.3677894,25.57622,7,0,1.3305664,,,,,,,,,false,397,3077111.85768251,128326.29,23.978811,9.467009,34,22024.3530601736,4330.6826,5.085654,14.481284,40,4729757.74219532,584414.5,8.093156,8.060799,4,0,0,0,0,1.5442344,6.4204855,5.0142756,1.40621,,,0,,,,112.683023749248,19.4250551930637,58.6415303671758,71.9391512671329,21200465+7750438,320.019397,77.84552,0.3,0.29,0.0,3.037,2.222,1.624,0.226,0.208,0.228,DCD,333,0,2451669.9369,0.678446
17,0.00265,1.42480426789E-4,4f0387f2-66a1-5f7d-a31a-ad09505e8724,121589,ASASSN-V J091331.80-232331.3,IQ Hya,138.38251,-23.39202,251.54104,17.07204,11.0,2.39000010490417,393.6202592,M,0.994000017642975,0.029999999329448,0.990000009536743,2457874.609,5.65167544679535E18,9.183806,0.024544,11.437178,0.082967,8.113983,0.075251,3.323195,0.753899991512299,0.026699999347329,28.2383003234863,-0.586000025272369,0.026000000536442,5.78900003433228,0.023000000044703,21.9225087971138,1258.07166,J091331.85-232331.2,5.36700010299683,0.020999999716878,3.74699997901916,0.222000002861023,2.71000003814697,0.247999995946884,-0.488999992609024,,-0.742999970912933,,-0.021999999880791,0.11599999666214,-0.136999994516373,0.009999999776483,2.65700006484985,0.254000008106232,0.115000002086163,4.5740268E7,11.5609998703003,0.312000006437302,16.5979995727539,0.441000014543533,13.9060001373291,0.421000003814697,10.3640003204346,0.006000000052154,,,5.03700017929077,0.149000003933906,-0.686150469984227,0.609567552440241,-0.397020064420475,The ASAS-SN Catalog of Variable Stars: II,true,true,false,2019-04-16 09:57:04 UTC,2021-08-05 18:09:55 UTC,5.65167544679535E18,,,,,,TIC 229859322,5.81899976730347,0.912000000476837,1.63604251580511002E18,Gaia EDR3 5651675446795352320,5.65167544679535E18,1106189174,2016,138.382692055511,0.02106178,-23.3920470563853,0.020315722,0.753932288277925,0.026698885,28.238342,5.8185873,-0.585585825411734,0.025768023,5.78904566962931,0.02274089,0.103504986,-0.05970804,-0.19168507,0.06836104,0.05065601,0.048677202,-0.41916427,0.1834869,-0.12118751,0.21764265,351,351,351,0,-2.332822,1905.2604,0.21487427,48.77973,31,false,1.2279205,,,,,,,,40,20,0.037887935,44,23,0,0.17000163,32.921448,8,0,0.911709,,,,,,,,,false,371,3994148.3510927,89721.37,44.517246,9.183806,42,363534.629513361,27764.066,13.09371,11.437178,42,4503651.37597586,311748.25,14.446437,8.113983,0,0,0,0,0,1.2185792,3.3231945,2.2533712,1.0698233,,,0,,,,251.541165502722,17.072150673844,149.67608235146,-37.3534466644413,09133183-2323313,138.382658,-23.392048,0.11,0.11,90.0,5.367,3.747,2.71,0.021,0.222,0.248,ADD,133,0,2451507.8494,0.49929
18,0.004842530621044,1.83274648737E-4,034b7939-54c9-5a16-b4c1-74443468d004,280375,ASASSN-V J115501.29-591513.3,W Cen,178.75536,-59.2537,295.76659,2.83092,10.960000038147,3.99000000953674,202.2078179,M,1.0,0.019999999552965,0.990000009536743,2457802.81513,5.3413875317024297E18,8.07094,0.042881,11.634476,0.200813,6.33437,0.112963,5.300106,1.7043000459671,0.057599999010563,29.5790996551514,-37.1040000915527,0.054000001400709,7.21600008010864,0.065999999642372,311.442142537775,575.285278,J115501.29-591513.1,3.49699997901916,0.277999997138977,2.55399990081787,0.256000012159347,1.99699997901917,0.270000010728836,0.316000014543533,,0.259999990463257,,0.535000026226044,0.029999999329448,0.090000003576279,0.00899999961257,1.5,0.056000001728535,0.444999992847443,4.0663395E7,10.4670000076294,0.0,11.3520002365112,0.381000012159347,10.9309997558594,0.486000001430512,,,,,0.884999990463257,0.860000014305115,-0.511116967349299,0.011104774421347,-0.859439427576317,The ASAS-SN Catalog of Variable Stars: II,true,true,false,2019-04-16 09:57:04 UTC,2021-08-05 17:08:55 UTC,5.3413875317024297E18,,,,,,TIC 375734412,37.798999786377,0.978999972343445,1.63604251580511002E18,Gaia EDR3 5341387531702429824,5.3413875317024297E18,1611083595,2016,178.755202467504,0.04178538,-59.2537277124015,0.044600036,1.70426086671634,0.057616975,29.579145,37.799294,-37.1041223270134,0.05393504,7.21599882833037,0.06565627,0.2006807,0.02347158,-0.03603131,0.16291967,-0.034141585,0.11563519,-0.10688493,0.12866256,0.05837822,0.38360554,370,370,370,0,-0.54537004,6536.3086,0.53232455,199.0521,31,false,1.1238981,,,,,,,,42,24,0.09930488,49,16,13,0.30117542,104.485855,4,0,0.9789761,,,,,,,,,false,406,1.11319368021196E7,438745.9,25.372173,8.07094,42,303128.36937078,56059.92,5.407221,11.634476,46,2.31958403070433E7,2412004.5,9.616831,6.33437,0,26,0,0,0,2.1109507,5.3001056,3.5635357,1.7365699,,,0,,,,295.766508692252,2.83088048311282,212.980503840406,-52.4609515897093,11550131-5915135,178.755472,-59.25375,0.29,0.29,0.0,3.497,2.554,1.997,0.278,0.256,0.27,DDD,333,0,2451593.6675,0.27366
20,0.006132276314297,1.84055224322E-4,005b067b-c2ef-5932-a2f0-e6ee145c72b8,265280,ASASSN-V J112027.89-615236.0,RS Cen,170.11621,-61.87667,292.43082,-0.87392,10.7799997329712,3.98000001907349,178.8339733,M,1.0,0.409999996423721,0.790000021457672,2458225.77921,5.3369572557336596E18,9.106057,0.031141,12.423387,0.172187,7.480842,0.07711,4.942545,0.816999971866608,0.034499999135733,23.6833992004395,-26.7280006408691,0.035999998450279,3.07200002670288,0.035000000149012,111.207223571131,1146.73108,J112027.86-615237.0,5.40799999237061,0.303999990224838,4.4689998626709,0.208000004291534,3.73099994659424,0.035999998450279,3.49300003051758,0.495000004768372,2.70000004768372,0.519999980926514,1.97599995136261,0.023000000044703,1.09500002861023,0.01799999922514,1.67700004577637,0.792999982833862,0.880999982357025,4.0504343E7,12.5260000228882,0.032000001519918,12.6429996490479,1.81900000572205,13.4230003356934,0.014999999664724,11.3719997406006,0.096000000834465,,,0.116999998688698,3.44700002670288,-0.464374908739597,0.080911020582722,-0.881935003773721,The ASAS-SN Catalog of Variable Stars: II,true,true,false,2019-04-16 09:55:18 UTC,2021-08-05 18:15:10 UTC,5.3369572557336596E18,,,,,,TIC 468095478,26.9039993286133,0.843999981880188,1.63604251580511002E18,Gaia EDR3 5336957255733657216,5.3369572557336596E18,221392872,2016,170.115984893536,0.026572183,-61.8768764804666,0.028144099,0.816987561290269,0.0344962,23.683407,26.904453,-26.7284892126998,0.035587706,3.07204783097579,0.03486398,0.07950622,-0.07618513,-0.04307109,0.10521766,0.23376894,0.1633048,0.08863874,0.19253439,0.10136041,0.1751299,462,462,461,1,-4.8132915,5667.615,0.37089455,133.65645,31,false,1.160576,,,,,,,,52,29,0.0534024,58,16,4,0.017704042,133.52087,5,0,0.844237,,,,,,,,,false,498,4290659.23027192,122580.5,35.00279,9.106057,54,146575.747216325,23242.432,6.306386,12.423387,55,8069035.06123984,572380.94,14.097316,7.4808416,0,18,0,0,0,1.9147666,4.942545,3.3173294,1.6252155,,,0,,,,292.430786694047,-0.874152454291387,210.77793678808,-57.2825459080573,11202791-6152369,170.116332,-61.876934,0.16,0.16,90.0,5.408,4.469,3.731,0.304,0.208,0.036,DCE,331,0,2451566.8702,0.972687
21,0.002452678005942,1.78988070836E-4,be8c8ab7-e17f-5498-b308-2b85e28efb1d,273625,ASASSN-V J075536.27-393622.2,AO Pup,118.90114,-39.60616,254.8358,-5.80901,10.6999998092651,3.63000011444092,390.3838855,M,0.990000009536743,0.03999999910593,0.980000019073486,2457630.89892,5.5374525482122803E18,8.123832,0.03998,12.448922,0.226351,6.354966,0.11017,6.093957,1.35290002822876,0.055900000035763,24.1867008209228,1.89600002765656,0.056000001728535,2.20499992370605,0.061999998986721,18.8184983004057,732.482849,J075536.33-393622.4,2.88499999046326,0.244000002741814,1.93799996376038,0.228000000119209,1.40299999713898,0.277999997138977,-1.47399997711182,,-0.675000011920929,,-0.194000005722046,0.307000011205673,-0.819999992847443,0.004999999888241,1.48199999332428,-0.799000024795532,0.625999987125397,4.3651337E7,13.4160003662109,0.0,14.3640003204346,0.0,14.0509996414185,0.490000009536743,11.293999671936,0.386999994516373,,,0.948000013828278,0.768999993801117,-0.372355774592819,0.674489602819279,-0.637506825701555,The ASAS-SN Catalog of Variable Stars: II,true,true,false,2019-04-16 09:57:04 UTC,2021-08-05 16:37:10 UTC,5.5374525482122803E18,,,,,,TIC 131984996,2.9079999923706,1.14199995994568,1.63604251580511002E18,Gaia EDR3 5537452548212278656,5.5374525482122803E18,1465310966,2016,118.901378248907,0.045835793,-39.6062878976424,0.0535778,1.35293081013273,0.055936933,24.186718,2.9079688,1.89616292944977,0.056252163,2.20473322295458,0.06206467,0.023649052,-0.07699616,-0.1452225,0.116845384,0.1693299,0.12721175,-0.26076365,0.11271436,-0.094844565,0.080086134,380,380,380,0,3.8181376,9723.506,0.6275263,292.64606,31,false,1.1108507,,,,,,,,43,29,0.0882193,48,24,9,0.1408831,171.33072,4,0,1.1416806,,,,,,,,,false,386,1.06026427793878E7,389488.0,27.222002,8.123832,46,143168.686141364,29845.133,4.797053,12.448922,45,2.27599796115009E7,2308102.5,9.860905,6.3549657,0,13,0,0,0,2.1601357,6.0939565,4.3250904,1.7688661,,,0,,,,254.836003778883,-5.80891624500578,135.552649945986,-58.5612234875565,07553633-3936228,118.901393,-39.606346,0.29,0.29,0.0,2.885,1.938,1.403,0.244,0.228,0.278,DDD,333,0,2451221.595,0.969936
25,0.005871125465476,2.69695768967E-4,c8acadd7-3c15-5122-9dc3-8b823400ab7e,82536,ASASSN-V J044549.55-594713.0,T Dor,71.45645,-59.78694,269.45697,-38.85864,10.9099998474121,3.89000010490417,177.1501504,M,1.0,0.310000002384186,0.839999973773956,2457606.88156,4.7738494192919296E18,9.36138,0.044977,13.005536,0.193874,7.973402,0.109963,5.032135,0.957099974155426,0.040500000119209,23.6348991394043,1.54900002479553,0.052999999374151,-1.43299996852875,0.052999999374151,9.68774079764566,1032.46851,J044549.65-594712.8,4.96600008010864,0.037000000476837,4.38800001144409,0.07599999755621,3.93799996376038,0.261999994516373,2.39299988746643,,3.08500003814697,0.194000005722046,2.29299998283386,0.007000000216067,1.8639999628067,0.014000000432134,1.02799999713898,-0.691999971866608,0.428999990224838,3.6735662E7,10.4020004272461,0.160999998450279,11.5719995498657,0.349000006914139,10.5620002746582,0.0,,,,,1.16999995708466,0.032999999821186,0.160035755821315,0.477091020558742,-0.864160121135498,The ASAS-SN Catalog of Variable Stars: II,true,true,false,2019-04-16 09:55:18 UTC,2021-08-05 16:34:49 UTC,4.7738494192919296E18,,,,,,TIC 220418269,2.10999989509583,0.908999979496002,1.63604251580511002E18,Gaia EDR3 4773849419291929728,4.7738494192919296E18,1523974036,2016,71.4568160487235,0.038307644,-59.7869361006514,0.041532822,0.957057391354547,0.040493365,23.634918,2.1103108,1.54946325153064,0.052878536,-1.43268107188184,0.05294332,0.0033757663,0.17285278,-0.07709145,-9.988841E-4,0.14915916,0.0020361538,-0.19387716,-0.0065156682,-0.08162735,0.08553843,311,311,311,0,-2.2605171,6813.17,0.46055016,195.46428,31,false,1.1377131,,,,,,,,35,24,0.07653375,39,15,4,0.26322466,92.255775,4,0,0.90897465,,,,,,,,,false,306,3391524.55446993,140231.8,24.185133,9.36138,32,85743.7453373291,15309.181,5.6008058,13.005536,37,5126223.15346579,518877.4,9.87945,7.9734015,0,0,0,0,0,1.5367622,5.0321345,3.6441565,1.3879781,,,0,,,,269.456912375408,-38.8584580208116,30.4239516407288,-79.3046053183113,04454962-5947129,71.456775,-59.786926,0.13,0.13,90.0,4.966,4.388,3.938,0.037,0.076,0.262,EED,113,0,2451488.748,0.590917
27,0.003567338257958,2.45740902406E-4,501b4761-f895-574e-8077-58afd0dd915e,149126,ASASSN-V J141750.92+834954.1,R Cam,214.46218,83.83169,120.23329,32.83732,9.98999977111816,3.57999992370605,266.0280845,M,1.0,0.059999998658895,0.97000002861023,2457616.78703,1.7255737590863401E18,8.570328,0.041156,12.273747,0.292353,6.985197,0.10551,5.288551,0.799300014972687,0.037399999797344,21.3633995056152,1.39100003242493,0.043999999761581,-6.82000017166138,0.045000001788139,27.5019098026651,1199.63794,J141751.10+834953.8,3.82200002670288,0.167999997735024,2.90000009536743,0.178000003099441,2.45499992370605,0.216000005602837,2.00699996948242,,1.73300004005432,,2.47900009155273,0.017000000923872,2.25,0.017000000923872,1.36699998378754,0.273999989032745,0.229000002145767,9248385.0,,,10.1459999084473,0.14300000667572,,,,,,,,0.123000003397465,-0.088592083390978,-0.060801590388482,0.994210545793333,The ASAS-SN Catalog of Variable Stars: II,true,true,false,2019-04-16 09:57:04 UTC,2021-08-05 18:10:02 UTC,1.7255737590863401E18,GALEX J141751.2+834953,,,19.1299991607666,0.052700001746416,TIC 158001237,6.96099996566772,0.875,1.63604251580511002E18,Gaia EDR3 1725573759086340224,1.7255737590863401E18,552879078,2016,214.46270801008,0.03574822,83.8315919799155,0.033259775,0.799332612891453,0.03741604,21.363367,6.9608502,1.39145882255793,0.04436188,-6.82035769389877,0.044784937,-0.059179164,-0.31334907,-0.28859577,0.1587482,-0.05221586,0.09732387,-0.024719248,-0.0011640659,-0.23759931,-0.05470742,378,378,378,0,-3.4649146,5638.0254,0.42077023,143.84001,31,false,1.1383443,,,,,,,,43,27,0.06490212,48,18,6,0.16322578,8.502472,4,0,0.87500685,,,,,,,,,false,420,7027736.28220352,265798.97,26.440042,8.570328,47,168235.666540559,45298.24,3.713956,12.273747,46,1.27373658451472E7,1237000.1,10.29698,6.9851966,0,14,0,0,0,1.8363811,5.288551,3.7034197,1.5851312,-34.816544,2.63681,10,4000.0,3.0,0.0,120.233176359117,32.8373871220135,104.61750280053,69.4484030230739,14175111+8349541,214.462975,83.831696,0.35,0.29,0.0,3.822,2.9,2.455,0.168,0.178,0.216,CCC,333,0,2451291.7793,0.308278
29,0.003006993593134,2.45076952668E-4,be11aca0-f315-5509-b299-a89c510f5382,97429,ASASSN-V J000006.60+255311.4,Z Peg,0.02749,25.88649,108.7131,-35.56406,10.8199996948242,3.25,321.6782957,M,0.994000017642975,0.029999999329448,0.990000009536743,2457271.07903,2.8531699374918298E18,7.425481,0.026486,11.614705,0.179857,5.798425,0.076878,5.81628,1.52040004730225,0.059599999338388,25.5303001403809,18.746000289917,0.068999998271465,-6.47200012207031,0.035000000149012,145.87341614525,644.412231,,,,,,,,,,,,,,,,,,,1.8081887E7,10.3769998550415,0.023000000044703,11.5279998779297,0.870999991893768,11.3100004196167,0.0,,,,,1.15100002288818,0.041000001132488,0.899660645629371,4.31649124181E-4,0.436589665916151,The ASAS-SN Catalog of Variable Stars: II,true,true,false,2019-04-16 09:57:04 UTC,2021-08-05 16:57:14 UTC,2.8531699374918298E18,,,,,,TIC 117927634,19.8309993743896,1.00999999046326,1.63604251580511002E18,Gaia EDR3 2853169937491828608,2.8531699374918298E18,183905348,2016,0.027435447895216,0.03948727,25.8864293378271,0.028089203,1.52042281628753,0.059553646,25.530306,19.831284,18.7455844113223,0.06862745,-6.47169558538543,0.035466976,0.4571286,-0.047465313,-0.12117787,0.19928046,0.08223109,-0.0193579,0.23339239,-0.15372014,-0.028051244,-0.22310957,643,643,643,0,0.3636305,14460.826,0.48310506,314.54773,31,false,1.1190253,,,,,,,,73,18,0.09610614,79,13,13,0.561391,129.69695,11,0,1.0096728,,,,,,,,,false,648,2.01722398703404E7,489422.47,41.216415,7.4254813,76,308698.720344368,51131.098,6.037397,11.614705,71,3.80004048441389E7,2687443.2,14.139984,5.7984247,0,29,0,0,0,1.8991002,5.8162804,4.189224,1.6270566,,,0,,,,108.713016551545,-35.564104237925,10.9499162370751,23.6026170838385,00000657+2553112,0.027376,25.886454,0.29,0.29,90.0,2.225,1.317,0.915,0.296,0.158,0.188,DCC,333,0,2451089.6855,0.391306
32,0.007079463144006,2.86601754386E-4,98613484-88cb-5c58-89e2-b4cf47b03f80,123451,ASASSN-V J123829.97+065918.4,R Vir,189.62488,6.98845,293.67415,69.6273,9.22000026702881,5.55000019073486,146.4339373,M,0.996999979019165,0.050000000745058,0.980000019073486,2457885.75682,3.70997155462253E18,7.234438,0.039807,9.707049,0.251894,5.738607,0.10188,3.968443,2.19589996337891,0.050200000405312,43.7251014709473,-32.3030014038086,0.059999998658895,4.33599996566772,0.056000001728535,348.045888822914,443.876648,J123829.95+065919.0,3.60899996757507,0.236000001430511,2.74300003051758,0.202000007033348,2.26799988746643,0.252000004053116,-0.727999985218048,,-0.225999996066093,,0.834999978542328,0.064999997615814,0.279000014066696,0.013000000268221,1.34099996089935,-0.501999974250793,0.555999994277954,2.6896311E7,,,10.8459997177124,0.0,10.3420000076294,0.156000003218651,,,,,,0.019999999552965,-0.978598803731201,-0.165954731767745,0.121669257989673,The ASAS-SN Catalog of Variable Stars: II,true,true,false,2019-04-16 09:57:04 UTC,2021-08-05 17:04:34 UTC,3.70997155462253E18,GALEX J123829.9+065919,,,19.1492004394531,0.052299998700619,TIC 399118541,32.5929985046387,0.856000006198883,1.63604251580511002E18,Gaia EDR3 3709971554622524800,3.70997155462253E18,498976852,2016,189.624579538701,0.041954942,6.98863818250869,0.03233946,2.19590215321775,0.050220627,43.725105,32.592926,-32.3032137494418,0.060206857,4.33603625194495,0.056415368,-0.56823635,-0.13415538,-0.08280141,0.12640958,0.2210261,0.08399574,0.24035092,-0.18171935,0.046341795,-0.4256443,389,389,383,6,-4.0511684,4486.886,0.34608278,138.79251,31,false,1.1571032,,,,,,,,44,15,0.0967329,55,9,17,1.1420724,21.682888,1,0,0.85550284,,,,,,,,,false,473,2.40531162992768E7,879765.3,27.340378,7.2344384,44,1788945.90002848,415015.03,4.310557,9.707049,51,4.01527876172477E7,3765150.0,10.664326,5.7386065,0,6,0,0,0,1.743713,3.968443,2.472611,1.495832,,,0,,,,293.673211429388,69.6274441266148,186.058048812486,10.2325228773718,12382993+0659190,189.62474,6.988634,0.51,0.29,90.0,3.609,2.743,2.268,0.236,0.202,0.252,DCD,333,0,2451619.7701,0.830078
33,0.002964644629191,1.61537183544E-4,02762f3e-d519-5dde-ba4c-f59a05016178,389263,ASASSN-V J132459.40-643950.7,U Mus,201.2475,-64.66409,306.51312,-2.02589,12.4499998092651,3.85999989509583,358.1752852,M,0.999000012874603,0.019999999552965,1.0,2457608.50974,5.8648309328930601E18,8.679535,0.026387,12.855807,0.123891,7.019319,0.071409,5.836488,1.30460000038147,0.059099998325109,22.0578994750977,0.666000008583069,0.050999999046326,-0.667999982833862,0.068999998271465,6.00255708098324,744.874939,J132459.35-643950.3,3.20000004768372,0.275999993085861,2.13100004196167,0.216000005602837,1.68499994277954,0.257999986410141,-0.998000025749206,,-0.850000023841858,,0.097000002861023,0.111000001430511,-0.275000005960464,0.009999999776483,1.51499998569489,-0.148000001907349,0.372000008821487,,,,,,,,,,,,,1.51300001144409,-0.398835685570786,-0.155078681752152,-0.903814526538104,The ASAS-SN Catalog of Variable Stars: II,true,true,false,2019-04-16 09:54:57 UTC,2021-08-05 16:51:26 UTC,5.8648309328930601E18,,,,,,TIC 449759351,0.943000018596649,0.708000004291534,1.63604251580511002E18,Gaia EDR3 5864830932893058944,5.8648309328930601E18,822786543,2016,201.247210594686,0.038816717,-64.664078136787,0.044956952,1.3046191642636,0.059145235,22.057892,0.94348884,0.66614582297109,0.050761648,-0.668147349759544,0.06863934,0.2931328,-0.096790865,-0.26538444,-0.07595715,-0.09560861,-0.02820059,0.15180673,0.24359071,0.13311449,0.42989296,474,474,472,2,-9.389021,6590.2534,0.5643709,184.81201,31,false,1.1170446,,,,,,,,54,28,0.103002526,60,19,1,0.05514776,153.40971,0,0,0.70845896,,,,,,,,,false,515,6355251.45852065,153607.44,41.373333,8.679535,53,98422.3996326952,11227.91,8.76587,12.855807,56,1.23432804119588E7,810686.06,15.225721,7.019319,0,38,0,0,0,1.9577043,5.8364882,4.1762724,1.6602159,,,0,,,,306.512997413074,-2.02586392076409,231.521728629621,-50.1341732685852,13245933-6439504,201.247233,-64.664017,0.29,0.29,90.0,3.2,2.131,1.685,0.276,0.216,0.258,DCD,333,0,2451661.6359,0.488108
40,0.003237230615685,2.39033249071E-4,2554931e-e072-59b4-9c04-6975f823dd42,151382,ASASSN-V J020534.27-570839.1,Y Eri,31.3928,-57.1442,284.35419,-57.22951,10.7299995422363,2.46000003814697,305.7887157,M,0.976999998092651,0.03999999910593,0.980000019073486,2457767.65131,4.7183252846801101E18,7.890767,0.018986,11.523307,0.085979,6.404724,0.048732,5.118583,1.35119998455048,0.061799999326468,21.8526000976563,26.2759990692139,0.063000001013279,4.06300020217896,0.063000001013279,174.913815020596,720.517151,J020534.20-570839.0,3.0090000629425,0.26800000667572,2.16300010681152,0.257999986410141,1.7150000333786,0.293999999761581,-0.670000016689301,,-0.189999997615814,,0.405000001192093,0.105999998748302,-0.035000000149012,0.017000000923872,1.2940000295639,-0.479999989271164,0.439999997615814,3.6528119E7,11.4739999771118,0.958000004291534,13.3669996261597,1.21000003814697,12.7030000686646,1.11699998378754,10.539999961853,0.742999970912933,,,1.89199995994568,0.026000000536442,0.463109507957344,0.282603377693175,-0.840038638727955,The ASAS-SN Catalog of Variable Stars: II,true,true,false,2019-04-16 09:57:04 UTC,2021-08-05 16:54:21 UTC,4.7183252846801101E18,GALEX J020534.1-570838,,,20.8530006408691,0.144999995827675,TIC 231062839,26.5879993438721,1.23699998855591,1.63604251580511002E18,Gaia EDR3 4718325284680111488,4.7183252846801101E18,846125398,2016,31.3926737226582,0.0527354,-57.1441390359401,0.05212274,1.35115320123881,0.061830394,21.852573,26.588264,26.276046412716,0.06280172,4.0626575774014,0.06252835,-0.014441411,0.04396922,-0.07639363,-0.082543,-0.09408446,-0.08531578,0.10451263,0.16044639,-0.17549188,-0.015465626,434,434,431,3,6.6993384,12058.6045,0.7352275,324.96216,31,false,1.1261436,,,,,,,,49,29,0.08850106,64,18,13,0.12911859,76.44071,0,0,1.237243,,,,,,,,,false,543,1.31413463125018E7,227369.67,57.79727,7.890767,55,335810.281625421,26578.68,12.634574,11.523307,58,2.17404566632239E7,972864.3,22.346853,6.4047236,0,49,0,0,0,1.6799091,5.118583,3.6325397,1.4860435,,,0,,,,284.354237198136,-57.2295966304836,350.817231709488,-62.0226193229702,02053420-5708388,31.392534,-57.144119,0.29,0.29,0.0,3.009,2.163,1.715,0.268,0.258,0.294,DDD,333,0,2451477.7536,0.595765
43,0.002540756752364,1.9723556975E-4,4e1b31b2-4948-5b49-aee7-c5c01c783088,76290,ASASSN-V J044030.04-381407.2,R Cae,70.12518,-38.23534,241.3236,-41.31663,11.8000001907349,4.67999982833862,393.5758989,M,1.0,0.009999999776483,1.0,2457970.86002,4.8661640719628503E18,8.200694,0.031518,12.424373,0.140674,6.426143,0.073861,5.99823,1.99600005149841,0.075000002980232,26.604700088501,-6.14699983596802,0.07599999755621,-3.42199993133545,0.086000002920628,66.6013026581121,500.701996,J044030.09-381406.9,2.89199995994568,0.282000005245209,1.83399999141693,0.25,1.1360000371933,0.273999989032745,-1.87100005149841,,-2.17899990081787,,-1.35899996757507,0.370999991893768,-2.28399991989136,0.002000000094995,1.75600004196167,0.30799999833107,0.925000011920929,3.710796E7,10.6059999465942,0.321999996900558,12.2030000686646,0.492000013589859,11.5080003738403,0.48199999332428,,,,,1.59599995613098,0.018999999389052,0.267035123240917,0.738690534175467,-0.61889299371965,The ASAS-SN Catalog of Variable Stars: II,true,true,false,2019-04-16 09:55:18 UTC,2021-08-05 17:03:18 UTC,4.8661640719633203E18,GALEX J044029.9-381407,,,21.8756999969482,0.397000014781952,TIC 77264481,7.03499984741211,1.45099997520447,1.63604251580511002E18,Gaia EDR3 4866164071963318400,4.8661640719633203E18,913370274,2016,70.12531851575,0.05975523,-38.2352733291226,0.06959099,1.99595020928023,0.07502242,26.604715,7.035408,-6.14688871415984,0.076102026,-3.42238575443029,0.086437754,-0.03578332,0.11588239,0.055154674,-0.021155927,0.20440862,0.08380387,-0.32706836,0.11253552,-0.13494073,-0.21530028,366,366,364,2,11.331686,19736.004,0.80440366,548.7439,95,false,,1.0157921,0.02048258,-0.16358615,-0.07061374,-0.109978475,-0.05360617,0.15183738,41,27,0.12859866,44,44,0,0.06518293,118.44634,2,0,1.451045,,,,,,,,,false,331,9878004.93638369,285654.0,34.580315,8.200694,33,146442.786947737,18970.154,7.719641,12.424373,36,2.13157628320041E7,1448180.2,14.718999,6.426143,0,7,0,0,0,2.1727269,5.9982295,4.2236786,1.7745509,,,0,,,,241.323523266237,-41.3165123970348,58.2520483031655,-59.5031518176728,04403009-3814067,70.12541,-38.23521,0.29,0.29,90.0,2.892,1.834,1.136,0.282,0.25,0.274,DDD,333,0,2451174.607,0.801256
44,0.002348388101635,2.07281825564E-4,fbbdb680-2976-5852-9fdb-03e7580966ed,187154,ASASSN-V J183216.71-563702.9,SS Tel,278.06963,-56.61746,338.59434,-19.86855,12.02,3.42,473.2483553,M,1.0,0.44,0.77,2458013.57494,6.6496587936399104E18,8.647462,0.015314,13.400952,0.052506,7.035883,0.035442,6.365069,1.8118,0.0818,22.1553,-8.65,0.066,1.657,0.059,77.5717060560452,538.166565,J183216.69-563702.3,1.8,0.26,0.817,0.286,0.29,0.35,-1.999,,-2.167,,-1.13,0.322,-2.133,0.002,1.51,0.168,1.003,5.860033E7,,,,,13.29,0.951,11.091,0.0,,,,0.108,0.077238812289918,-0.544778079078187,-0.835015574963679,The ASAS-SN Catalog of Variable Stars: II,true,true,false,2019-04-16 09:55:18 UTC,2021-08-05 17:18:39 UTC,6.6496587936399104E18,GALEX J183216.6-563701,21.6562,0.3627,20.8135,0.2051,TIC 119776355,8.807,1.132,1.63604251580511002E18,Gaia EDR3 6649658793639910144,6.6496587936399104E18,1716504966,2016,278.069618707996,0.045489218,-56.6173311278873,0.048149507,1.8118398612558,0.081778996,22.15532,8.807112,-8.64990988094351,0.06596224,1.65658802432853,0.058607552,0.17637803,0.015498451,0.028663844,0.21693811,-0.17481604,0.3041898,-0.054402687,-0.31198737,0.14900419,-0.3048086,595,595,595,0,4.458895,22176.432,0.7427954,571.18524,31,false,1.1032225,,,,,,,,67,21,0.10252866,67,16,4,0.08514507,26.497812,2,0,1.1319835,,,,,,,,,true,467,6545787.37103282,90818.836,72.07522,8.647462,52,59571.1261716968,2876.7725,20.707624,13.400952,48,1.2156398716151E7,394558.25,30.81015,7.035883,0,52,0,1,0,1.8662338,6.3650694,4.7534904,1.611579,,,0,,,,338.594465220858,-19.868502628814,275.304034995777,-33.3265330890665,18321672-5637023,278.069689,-56.617313,0.29,0.29,90.0,1.8,0.817,0.29,0.26,0.286,0.35,DDD,333,0,2451392.6563,0.541951
46,0.003530436002393,2.49807627171E-4,b6bfa5db-9bd1-5a1f-b8fa-4efc3e69301d,60809,ASASSN-V J072650.44-615134.5,KS Car,111.71017,-61.85958,273.25781,-19.72472,11.6300001144409,3.6800000667572,284.4378778,M,1.0,0.019999999552965,0.990000009536743,2457825.68463,5.2919656865801605E18,8.731544,0.044973,12.568962,0.222579,6.935076,0.125964,5.633886,1.18159997463226,0.057399999350309,20.5676002502441,3.43199992179871,0.071000002324581,16.7950000762939,0.070000000298023,97.6167321803146,832.371887,J072650.32-615134.1,3.81299996376038,0.272000014781952,2.80399990081787,0.187999993562698,2.31500005722046,0.25,0.023000000044703,,0.096000000834465,,0.691999971866608,0.070000000298023,0.197999998927116,0.014000000432134,1.49800002574921,-0.072999998927116,0.493999987840652,3.9594833E7,,,11.1090002059937,0.0489999987185,14.8590002059937,0.054000001400709,12.0120000839233,0.037999998778105,,,,0.180000007152557,-0.174462948002433,0.4381796169611,-0.88179436551507,The ASAS-SN Catalog of Variable Stars: II,true,true,false,2019-04-16 09:55:20 UTC,2021-08-05 16:44:51 UTC,5.2919656865801605E18,GALEX J072650.4-615137,,,21.5925006866455,0.379700005054474,TIC 349571296,17.1420001983643,1.1599999666214,1.63604251580511002E18,Gaia EDR3 5291965686580155776,5.2919656865801605E18,1473150673,2016,111.709629028927,0.053348284,-61.8594999720611,0.05864756,1.18159130397949,0.05744911,20.567617,17.141613,3.4315206290319,0.07122106,16.7946296818561,0.07028648,0.080497004,0.24751993,0.17786707,-0.0063215317,0.21506086,0.003203877,-0.27495608,0.19901171,0.03550102,0.09279307,312,312,312,0,3.8828754,10964.49,0.6360026,312.98325,31,false,1.1201798,,,,,,,,35,23,0.10345852,39,12,2,0.031961508,20.922949,1,0,1.1595831,,,,,,,,,false,336,6058002.54310298,250463.06,24.18721,8.731544,38,128183.455336694,26275.873,4.878371,12.568962,38,1.33391366930054E7,1546872.9,8.623292,6.935076,0,7,0,0,0,2.2230628,5.633886,3.8374186,1.7964673,,,0,,,,273.257631877551,-19.7249261311554,163.623864283503,-79.5232679547781,07265032-6151344,111.70969,-61.859558,0.29,0.29,90.0,3.813,2.804,2.315,0.272,0.188,0.25,DCD,333,0,2451531.7649,0.818823
51,0.002468425029004,2.35687871708E-4,7dab2f78-71d9-59df-87ea-ee85ad5794d9,285104,ASASSN-V J124015.34-572246.1,NSV 19452,190.06392,-57.37947,301.41847,5.45941,10.6899995803833,2.17000007629395,397.0739951,M,0.935000002384186,0.090000003576279,0.959999978542328,2458094.84726,6.0610484035104399E18,9.079282,0.020732,11.086431,0.078167,7.877154,0.05795,3.209277,0.560000002384186,0.027100000530481,20.683500289917,-6.28599977493286,0.019999999552965,1.88300001621246,0.027000000700355,19.0187859894021,1635.42249,J124015.24-572245.8,5.7519998550415,0.018999999389052,4.64799976348877,0.07599999755621,3.65400004386902,0.233999997377396,1.89699995517731,,0.643999993801117,,1.50199997425079,0.009999999776483,0.961000025272369,0.013000000268221,2.09800004959106,1.25300002098084,0.541000008583069,5.3980479E7,11.0319995880127,0.922999978065491,15.2659997940063,1.87800002098084,14.2320003509521,0.014999999664724,10.0100002288818,0.0,,,4.23400020599365,0.542999982833862,-0.530778128487125,-0.094201179419554,-0.842259292685851,The ASAS-SN Catalog of Variable Stars: II,true,true,false,2019-04-16 09:57:03 UTC,2021-08-05 18:04:46 UTC,6.0610484035104399E18,,,,,,TIC 412077001,6.56199979782105,0.921000003814697,1.63604251580511002E18,Gaia EDR3 6061048403510436480,6.0610484035104399E18,523825561,2016,190.063371593868,0.016972538,-57.3794375063531,0.019247737,0.560028882772802,0.027076114,20.683504,6.5619473,-6.28589873647628,0.020341793,1.88324978587265,0.02676346,0.31349757,-0.28322902,-0.14445755,5.4147583E-4,-0.2157761,0.029065104,-0.18026993,0.030867547,0.18629535,0.3990614,466,466,462,4,-2.4092822,2329.023,0.20514683,47.233986,31,false,1.2350606,,,,,,,,53,25,0.040121716,71,21,4,0.0127451075,57.6156,3,0,0.9206664,,,,,,,,,false,587,4397785.49672599,83231.08,52.83826,9.079282,62,502163.11548723,36130.023,13.898776,11.086431,64,5601399.79744953,298331.66,18.775747,7.877154,0,23,0,11,0,1.3878719,3.2092767,2.0071487,1.2021279,,,0,,,,301.41816945102,5.45943584838012,218.450620429186,-47.3315946503364,12401522-5722459,190.063422,-57.379433,0.09,0.09,0.0,5.752,4.648,3.654,0.019,0.076,0.234,AED,113,0,2451612.6615,0.975586
